[{"model": "admin.logentry", "pk": 1, "fields": {"action_time": "2024-06-27T13:40:58.567Z", "user": 1, "content_type": 7, "object_id": "1", "object_repr": "Mercedes", "action_flag": 1, "change_message": "[{\"added\": {}}]"}}, {"model": "admin.logentry", "pk": 2, "fields": {"action_time": "2024-06-27T13:41:16.778Z", "user": 1, "content_type": 8, "object_id": "1", "object_repr": "Class A", "action_flag": 1, "change_message": "[{\"added\": {}}]"}}, {"model": "admin.logentry", "pk": 3, "fields": {"action_time": "2024-06-27T13:41:42.422Z", "user": 1, "content_type": 9, "object_id": "1", "object_repr": "2019 - Class A", "action_flag": 1, "change_message": "[{\"added\": {}}]"}}, {"model": "admin.logentry", "pk": 4, "fields": {"action_time": "2024-06-27T13:42:08.049Z", "user": 1, "content_type": 10, "object_id": "1", "object_repr": "Poridt One", "action_flag": 1, "change_message": "[{\"added\": {}}]"}}, {"model": "admin.logentry", "pk": 5, "fields": {"action_time": "2024-06-27T13:42:31.917Z", "user": 1, "content_type": 8, "object_id": "2", "object_repr": "Class G", "action_flag": 1, "change_message": "[{\"added\": {}}]"}}, {"model": "admin.logentry", "pk": 6, "fields": {"action_time": "2024-06-27T13:42:45.449Z", "user": 1, "content_type": 8, "object_id": "3", "object_repr": "Class S", "action_flag": 1, "change_message": "[{\"added\": {}}]"}}, {"model": "admin.logentry", "pk": 7, "fields": {"action_time": "2024-06-27T13:43:16.299Z", "user": 1, "content_type": 9, "object_id": "2", "object_repr": "2020 - Class A", "action_flag": 1, "change_message": "[{\"added\": {}}]"}}, {"model": "admin.logentry", "pk": 8, "fields": {"action_time": "2024-06-27T13:43:32.264Z", "user": 1, "content_type": 9, "object_id": "3", "object_repr": "2021 - Class A", "action_flag": 1, "change_message": "[{\"added\": {}}]"}}, {"model": "admin.logentry", "pk": 9, "fields": {"action_time": "2024-06-28T22:23:02.381Z", "user": 1, "content_type": 10, "object_id": "2", "object_repr": "Product Two", "action_flag": 1, "change_message": "[{\"added\": {}}]"}}, {"model": "admin.logentry", "pk": 10, "fields": {"action_time": "2024-06-30T10:10:09.944Z", "user": 1, "content_type": 7, "object_id": "1", "object_repr": "Mercedes", "action_flag": 2, "change_message": "[{\"changed\": {\"fields\": [\"Logo\"]}}]"}}, {"model": "admin.logentry", "pk": 11, "fields": {"action_time": "2024-06-30T10:10:22.391Z", "user": 1, "content_type": 7, "object_id": "2", "object_repr": "BMW", "action_flag": 1, "change_message": "[{\"added\": {}}]"}}, {"model": "admin.logentry", "pk": 12, "fields": {"action_time": "2024-06-30T10:10:37.819Z", "user": 1, "content_type": 7, "object_id": "3", "object_repr": "Volkwagen", "action_flag": 1, "change_message": "[{\"added\": {}}]"}}, {"model": "admin.logentry", "pk": 13, "fields": {"action_time": "2024-06-30T10:22:01.003Z", "user": 1, "content_type": 7, "object_id": "4", "object_repr": "Nissan", "action_flag": 1, "change_message": "[{\"added\": {}}]"}}, {"model": "admin.logentry", "pk": 14, "fields": {"action_time": "2024-06-30T10:50:26.497Z", "user": 1, "content_type": 7, "object_id": "5", "object_repr": "Volvo", "action_flag": 1, "change_message": "[{\"added\": {}}]"}}, {"model": "admin.logentry", "pk": 15, "fields": {"action_time": "2024-06-30T11:33:18.012Z", "user": 1, "content_type": 10, "object_id": "1", "object_repr": "Poridt One", "action_flag": 2, "change_message": "[{\"changed\": {\"fields\": [\"Slug\"]}}]"}}, {"model": "admin.logentry", "pk": 16, "fields": {"action_time": "2024-06-30T11:34:40.350Z", "user": 1, "content_type": 10, "object_id": "2", "object_repr": "Product Two", "action_flag": 2, "change_message": "[{\"changed\": {\"fields\": [\"Image\"]}}]"}}, {"model": "admin.logentry", "pk": 17, "fields": {"action_time": "2024-06-30T11:36:51.544Z", "user": 1, "content_type": 10, "object_id": "1", "object_repr": "Poridt One", "action_flag": 2, "change_message": "[{\"changed\": {\"fields\": [\"Image\"]}}]"}}, {"model": "admin.logentry", "pk": 18, "fields": {"action_time": "2024-06-30T12:03:38.922Z", "user": 1, "content_type": 7, "object_id": "10", "object_repr": "Tesla", "action_flag": 2, "change_message": "[{\"changed\": {\"fields\": [\"Logo\"]}}]"}}, {"model": "admin.logentry", "pk": 19, "fields": {"action_time": "2024-06-30T12:03:48.724Z", "user": 1, "content_type": 7, "object_id": "9", "object_repr": "Chevrolet", "action_flag": 2, "change_message": "[{\"changed\": {\"fields\": [\"Logo\"]}}]"}}, {"model": "admin.logentry", "pk": 20, "fields": {"action_time": "2024-06-30T12:03:57.590Z", "user": 1, "content_type": 7, "object_id": "8", "object_repr": "Ford", "action_flag": 2, "change_message": "[{\"changed\": {\"fields\": [\"Logo\"]}}]"}}, {"model": "admin.logentry", "pk": 21, "fields": {"action_time": "2024-06-30T12:04:04.443Z", "user": 1, "content_type": 7, "object_id": "7", "object_repr": "Honda", "action_flag": 2, "change_message": "[{\"changed\": {\"fields\": [\"Logo\"]}}]"}}, {"model": "admin.logentry", "pk": 22, "fields": {"action_time": "2024-06-30T12:04:13.178Z", "user": 1, "content_type": 7, "object_id": "6", "object_repr": "Toyota", "action_flag": 2, "change_message": "[{\"changed\": {\"fields\": [\"Logo\"]}}]"}}, {"model": "admin.logentry", "pk": 23, "fields": {"action_time": "2024-07-09T19:26:20.820Z", "user": 1, "content_type": 7, "object_id": "11", "object_repr": "Test", "action_flag": 1, "change_message": "[{\"added\": {}}]"}}, {"model": "admin.logentry", "pk": 24, "fields": {"action_time": "2024-07-10T17:34:30.912Z", "user": 1, "content_type": 14, "object_id": "1", "object_repr": "Setting object (1)", "action_flag": 1, "change_message": "[{\"added\": {}}]"}}, {"model": "auth.permission", "pk": 1, "fields": {"name": "Can add log entry", "content_type": 1, "codename": "add_logentry"}}, {"model": "auth.permission", "pk": 2, "fields": {"name": "Can change log entry", "content_type": 1, "codename": "change_logentry"}}, {"model": "auth.permission", "pk": 3, "fields": {"name": "Can delete log entry", "content_type": 1, "codename": "delete_logentry"}}, {"model": "auth.permission", "pk": 4, "fields": {"name": "Can view log entry", "content_type": 1, "codename": "view_logentry"}}, {"model": "auth.permission", "pk": 5, "fields": {"name": "Can add permission", "content_type": 2, "codename": "add_permission"}}, {"model": "auth.permission", "pk": 6, "fields": {"name": "Can change permission", "content_type": 2, "codename": "change_permission"}}, {"model": "auth.permission", "pk": 7, "fields": {"name": "Can delete permission", "content_type": 2, "codename": "delete_permission"}}, {"model": "auth.permission", "pk": 8, "fields": {"name": "Can view permission", "content_type": 2, "codename": "view_permission"}}, {"model": "auth.permission", "pk": 9, "fields": {"name": "Can add group", "content_type": 3, "codename": "add_group"}}, {"model": "auth.permission", "pk": 10, "fields": {"name": "Can change group", "content_type": 3, "codename": "change_group"}}, {"model": "auth.permission", "pk": 11, "fields": {"name": "Can delete group", "content_type": 3, "codename": "delete_group"}}, {"model": "auth.permission", "pk": 12, "fields": {"name": "Can view group", "content_type": 3, "codename": "view_group"}}, {"model": "auth.permission", "pk": 13, "fields": {"name": "Can add user", "content_type": 4, "codename": "add_user"}}, {"model": "auth.permission", "pk": 14, "fields": {"name": "Can change user", "content_type": 4, "codename": "change_user"}}, {"model": "auth.permission", "pk": 15, "fields": {"name": "Can delete user", "content_type": 4, "codename": "delete_user"}}, {"model": "auth.permission", "pk": 16, "fields": {"name": "Can view user", "content_type": 4, "codename": "view_user"}}, {"model": "auth.permission", "pk": 17, "fields": {"name": "Can add content type", "content_type": 5, "codename": "add_contenttype"}}, {"model": "auth.permission", "pk": 18, "fields": {"name": "Can change content type", "content_type": 5, "codename": "change_contenttype"}}, {"model": "auth.permission", "pk": 19, "fields": {"name": "Can delete content type", "content_type": 5, "codename": "delete_contenttype"}}, {"model": "auth.permission", "pk": 20, "fields": {"name": "Can view content type", "content_type": 5, "codename": "view_contenttype"}}, {"model": "auth.permission", "pk": 21, "fields": {"name": "Can add session", "content_type": 6, "codename": "add_session"}}, {"model": "auth.permission", "pk": 22, "fields": {"name": "Can change session", "content_type": 6, "codename": "change_session"}}, {"model": "auth.permission", "pk": 23, "fields": {"name": "Can delete session", "content_type": 6, "codename": "delete_session"}}, {"model": "auth.permission", "pk": 24, "fields": {"name": "Can view session", "content_type": 6, "codename": "view_session"}}, {"model": "auth.permission", "pk": 25, "fields": {"name": "Can add brand", "content_type": 7, "codename": "add_brand"}}, {"model": "auth.permission", "pk": 26, "fields": {"name": "Can change brand", "content_type": 7, "codename": "change_brand"}}, {"model": "auth.permission", "pk": 27, "fields": {"name": "Can delete brand", "content_type": 7, "codename": "delete_brand"}}, {"model": "auth.permission", "pk": 28, "fields": {"name": "Can view brand", "content_type": 7, "codename": "view_brand"}}, {"model": "auth.permission", "pk": 29, "fields": {"name": "Can add car model", "content_type": 8, "codename": "add_carmodel"}}, {"model": "auth.permission", "pk": 30, "fields": {"name": "Can change car model", "content_type": 8, "codename": "change_carmodel"}}, {"model": "auth.permission", "pk": 31, "fields": {"name": "Can delete car model", "content_type": 8, "codename": "delete_carmodel"}}, {"model": "auth.permission", "pk": 32, "fields": {"name": "Can view car model", "content_type": 8, "codename": "view_carmodel"}}, {"model": "auth.permission", "pk": 33, "fields": {"name": "Can add year", "content_type": 9, "codename": "add_year"}}, {"model": "auth.permission", "pk": 34, "fields": {"name": "Can change year", "content_type": 9, "codename": "change_year"}}, {"model": "auth.permission", "pk": 35, "fields": {"name": "Can delete year", "content_type": 9, "codename": "delete_year"}}, {"model": "auth.permission", "pk": 36, "fields": {"name": "Can view year", "content_type": 9, "codename": "view_year"}}, {"model": "auth.permission", "pk": 37, "fields": {"name": "Can add product", "content_type": 10, "codename": "add_product"}}, {"model": "auth.permission", "pk": 38, "fields": {"name": "Can change product", "content_type": 10, "codename": "change_product"}}, {"model": "auth.permission", "pk": 39, "fields": {"name": "Can delete product", "content_type": 10, "codename": "delete_product"}}, {"model": "auth.permission", "pk": 40, "fields": {"name": "Can view product", "content_type": 10, "codename": "view_product"}}, {"model": "auth.permission", "pk": 41, "fields": {"name": "Can add option", "content_type": 11, "codename": "add_option"}}, {"model": "auth.permission", "pk": 42, "fields": {"name": "Can change option", "content_type": 11, "codename": "change_option"}}, {"model": "auth.permission", "pk": 43, "fields": {"name": "Can delete option", "content_type": 11, "codename": "delete_option"}}, {"model": "auth.permission", "pk": 44, "fields": {"name": "Can view option", "content_type": 11, "codename": "view_option"}}, {"model": "auth.permission", "pk": 45, "fields": {"name": "Can add order", "content_type": 12, "codename": "add_order"}}, {"model": "auth.permission", "pk": 46, "fields": {"name": "Can change order", "content_type": 12, "codename": "change_order"}}, {"model": "auth.permission", "pk": 47, "fields": {"name": "Can delete order", "content_type": 12, "codename": "delete_order"}}, {"model": "auth.permission", "pk": 48, "fields": {"name": "Can view order", "content_type": 12, "codename": "view_order"}}, {"model": "auth.permission", "pk": 49, "fields": {"name": "Can add order item", "content_type": 13, "codename": "add_orderitem"}}, {"model": "auth.permission", "pk": 50, "fields": {"name": "Can change order item", "content_type": 13, "codename": "change_orderitem"}}, {"model": "auth.permission", "pk": 51, "fields": {"name": "Can delete order item", "content_type": 13, "codename": "delete_orderitem"}}, {"model": "auth.permission", "pk": 52, "fields": {"name": "Can view order item", "content_type": 13, "codename": "view_orderitem"}}, {"model": "auth.permission", "pk": 53, "fields": {"name": "Can add setting", "content_type": 14, "codename": "add_setting"}}, {"model": "auth.permission", "pk": 54, "fields": {"name": "Can change setting", "content_type": 14, "codename": "change_setting"}}, {"model": "auth.permission", "pk": 55, "fields": {"name": "Can delete setting", "content_type": 14, "codename": "delete_setting"}}, {"model": "auth.permission", "pk": 56, "fields": {"name": "Can view setting", "content_type": 14, "codename": "view_setting"}}, {"model": "auth.user", "pk": 1, "fields": {"password": "pbkdf2_sha256$720000$eBjrifGEYzO4PhgcdJwZcE$6jU1A28QBp0DLFiTq9rWdRGzXsUtT1rFTizIsPivxWI=", "last_login": "2024-07-10T17:33:01.271Z", "is_superuser": true, "username": "admin", "first_name": "", "last_name": "", "email": "admin@admin.com", "is_staff": true, "is_active": true, "date_joined": "2024-06-27T13:38:00.057Z", "groups": [], "user_permissions": []}}, {"model": "contenttypes.contenttype", "pk": 1, "fields": {"app_label": "admin", "model": "logentry"}}, {"model": "contenttypes.contenttype", "pk": 2, "fields": {"app_label": "auth", "model": "permission"}}, {"model": "contenttypes.contenttype", "pk": 3, "fields": {"app_label": "auth", "model": "group"}}, {"model": "contenttypes.contenttype", "pk": 4, "fields": {"app_label": "auth", "model": "user"}}, {"model": "contenttypes.contenttype", "pk": 5, "fields": {"app_label": "contenttypes", "model": "contenttype"}}, {"model": "contenttypes.contenttype", "pk": 6, "fields": {"app_label": "sessions", "model": "session"}}, {"model": "contenttypes.contenttype", "pk": 7, "fields": {"app_label": "core", "model": "brand"}}, {"model": "contenttypes.contenttype", "pk": 8, "fields": {"app_label": "core", "model": "carmodel"}}, {"model": "contenttypes.contenttype", "pk": 9, "fields": {"app_label": "core", "model": "year"}}, {"model": "contenttypes.contenttype", "pk": 10, "fields": {"app_label": "core", "model": "product"}}, {"model": "contenttypes.contenttype", "pk": 11, "fields": {"app_label": "core", "model": "option"}}, {"model": "contenttypes.contenttype", "pk": 12, "fields": {"app_label": "core", "model": "order"}}, {"model": "contenttypes.contenttype", "pk": 13, "fields": {"app_label": "core", "model": "orderitem"}}, {"model": "contenttypes.contenttype", "pk": 14, "fields": {"app_label": "core", "model": "setting"}}, {"model": "sessions.session", "pk": "1ddtwdzsm1qljplvq4wzzmcinusboqp9", "fields": {"session_data": ".eJxVjEEOwiAQRe_C2pAOUASX7nuGZpgZbNVAUtqV8e7apAvd_vfef6kRt3UatybLOLO6KFCn3y0hPaTsgO9YblVTLesyJ70r-qBND5XleT3cv4MJ2_StDWTpOXDqXDQdWenQWMhgYwCfTS-RyLC37PsUnBPBmCEAncmljFnU-wPe6Dhf:1sRbBd:PATlTJ3Apqn1V6rovmvxL5okD7YYRfvMjq0w91PfXbw", "expire_date": "2024-07-24T17:33:01.280Z"}}, {"model": "sessions.session", "pk": "3f820cksa9v7mv50pqgoqu53pq6xayis", "fields": {"session_data": ".eJxlj81qwzAQhF8l6GyErB8b5Zh7aQ-9m7V2VatJpFaWKcX43StDoAm5LOzMfAOzsgGWMg3LTHkIyI6sZc29NoI7U9wN_IT4kbhLseQw8j3Cb-7MXxLS5XTLPhRMME-VtooUSinJe0Tl2w47NGAsWE3KeqH6sdVG-Q6M7qn-xkpjte-1GJXrTC11kAs7rkzuJ8KVau1bTri4cnj_STXxlYOraisEFw37XiCWUH6rsDV11x2VcsByeI30DxnxTG3bH16vW0E:1sNXN1:owZK26a3ELk0Tly6dTrAxebb3hcR46WPijvKuXrqudc", "expire_date": "2024-07-13T12:39:59.043Z"}}, {"model": "sessions.session", "pk": "rb1rdr5o93b7iw5urakidftpbnt06zus", "fields": {"session_data": ".eJxVjEEOwiAQRe_C2pAOUASX7nuGZpgZbNVAUtqV8e7apAvd_vfef6kRt3UatybLOLO6KFCn3y0hPaTsgO9YblVTLesyJ70r-qBND5XleT3cv4MJ2_StDWTpOXDqXDQdWenQWMhgYwCfTS-RyLC37PsUnBPBmCEAncmljFnU-wPe6Dhf:1sRGSt:Ee3OH4QVTolYUvNn9FxNBiAYV7lFrD4vmLuFDec9a-4", "expire_date": "2024-07-23T19:25:27.065Z"}}, {"model": "sessions.session", "pk": "vufa2nso06l2pnyeug0apah3g64tkjv9", "fields": {"session_data": ".eJxVjLEOgzAMRP8lcxVBHAelY_d-Q-Rgu9BWQSIwof57QWJox7v37jaTaF2GtFaZ08jmalpz-e0y9S8pB-Anlcdk-6ks85jtodiTVnufWN630_07GKgO-zqCADvnRJUZtA0cGAkjRS8QtYEutx5BA6HvZM8YHUavnW8y9AHN5wvqljeF:1sMpMN:vtnfZ5t5mp22R-14Vayd7eIycf_P8vvP0FfpTSgssFU", "expire_date": "2024-07-11T13:40:23.938Z"}}, {"model": "sessions.session", "pk": "w28u2ilkq2adxjo9qm6897s9j2iqncyr", "fields": {"session_data": ".eJxVjs1OhTAQhV_FdE1KoS1Ylu6NvgEZOtNLVVosJVdzw7tbzF3oZpL5zk_OjY2w53ncN0qjRzawhlV_2QT2ncIp4BuES-Q2hpz8xE8Lv6sbf45IH09377-CGba5pI0kiW3bknOI0jUddqhBGzCKpHFC9lOjtHQdaNVT-bVptVGuV2KSttOl1ELKbLiVheUEWKjUvsbkMT-8BCqGNXlboBZCcFGxzx1C9vmbDapifoHLGagXQg_1miLuNo-_eKt1zvN1SeFLNY8Nv9K0suM4fgB791yL:1sNsvQ:xnxZvzLTd4DwxsDOO9XlMji7ZdRjsdOewwARf7GutKU", "expire_date": "2024-07-14T11:40:56.636Z"}}, {"model": "sessions.session", "pk": "yht7ghmqjvz1u0i2n8674c2h23xvu12h", "fields": {"session_data": "eyJjYXJ0Ijp7fX0:1sO0Fz:lrQiu9-EvPuh4dZ9RLrzXMkPt1OUmHZ0MS288rbexgQ", "expire_date": "2024-07-14T19:30:39.636Z"}}, {"model": "core.brand", "pk": 1, "fields": {"name": "Mercedes", "logo": "image/upload/brands/logos/Mercedes-Logo.svg.png", "slug": "mercedes"}}, {"model": "core.brand", "pk": 2, "fields": {"name": "BMW", "logo": "image/upload/brands/logos/bmw_logo_PNG19709.png", "slug": "bmw"}}, {"model": "core.brand", "pk": 3, "fields": {"name": "Volkwagen", "logo": "image/upload/brands/logos/volkswagen-10-logo-png-transparent.png", "slug": "volkwagen"}}, {"model": "core.brand", "pk": 4, "fields": {"name": "Nissan", "logo": "image/upload/brands/logos/nissan-6-logo.png", "slug": "nissan"}}, {"model": "core.brand", "pk": 5, "fields": {"name": "Volvo", "logo": "image/upload/brands/logos/volvo-logo.png", "slug": "volvo"}}, {"model": "core.brand", "pk": 6, "fields": {"name": "Toyota", "logo": "image/upload/brands/logos/toyota-logo.png", "slug": "toyota"}}, {"model": "core.brand", "pk": 7, "fields": {"name": "Honda", "logo": "image/upload/brands/logos/honda-7-logo.png", "slug": "honda"}}, {"model": "core.brand", "pk": 8, "fields": {"name": "Ford", "logo": "image/upload/brands/logos/ford-1-logo.png", "slug": "ford"}}, {"model": "core.brand", "pk": 9, "fields": {"name": "Chevrolet", "logo": "image/upload/brands/logos/chevrolet-4-logo.png", "slug": "chevrolet"}}, {"model": "core.brand", "pk": 10, "fields": {"name": "Tesla", "logo": "image/upload/brands/logos/tesla-motors-logo.png", "slug": "tesla"}}, {"model": "core.brand", "pk": 11, "fields": {"name": "Test", "logo": "image/upload/brands/logos/checked.png", "slug": "test"}}, {"model": "core.carmodel", "pk": 1, "fields": {"name": "Class A", "brand": 1, "slug": "class-a"}}, {"model": "core.carmodel", "pk": 2, "fields": {"name": "Class G", "brand": 1, "slug": "class-g"}}, {"model": "core.carmodel", "pk": 3, "fields": {"name": "Class S", "brand": 1, "slug": "class-s"}}, {"model": "core.carmodel", "pk": 6, "fields": {"name": "Camry", "brand": 6, "slug": "camry"}}, {"model": "core.carmodel", "pk": 7, "fields": {"name": "Corolla", "brand": 6, "slug": "corolla"}}, {"model": "core.carmodel", "pk": 8, "fields": {"name": "Prius", "brand": 6, "slug": "prius"}}, {"model": "core.carmodel", "pk": 9, "fields": {"name": "RAV4", "brand": 6, "slug": "rav4"}}, {"model": "core.carmodel", "pk": 10, "fields": {"name": "Highlander", "brand": 6, "slug": "highlander"}}, {"model": "core.carmodel", "pk": 11, "fields": {"name": "Accord", "brand": 7, "slug": "accord"}}, {"model": "core.carmodel", "pk": 12, "fields": {"name": "Civic", "brand": 7, "slug": "civic"}}, {"model": "core.carmodel", "pk": 13, "fields": {"name": "CR-V", "brand": 7, "slug": "cr-v"}}, {"model": "core.carmodel", "pk": 14, "fields": {"name": "Pilot", "brand": 7, "slug": "pilot"}}, {"model": "core.carmodel", "pk": 15, "fields": {"name": "Odyssey", "brand": 7, "slug": "odyssey"}}, {"model": "core.carmodel", "pk": 16, "fields": {"name": "Mustang", "brand": 8, "slug": "mustang"}}, {"model": "core.carmodel", "pk": 17, "fields": {"name": "F-150", "brand": 8, "slug": "f-150"}}, {"model": "core.carmodel", "pk": 18, "fields": {"name": "Explorer", "brand": 8, "slug": "explorer"}}, {"model": "core.carmodel", "pk": 19, "fields": {"name": "Escape", "brand": 8, "slug": "escape"}}, {"model": "core.carmodel", "pk": 20, "fields": {"name": "Fusion", "brand": 8, "slug": "fusion"}}, {"model": "core.carmodel", "pk": 21, "fields": {"name": "Silverado", "brand": 9, "slug": "silverado"}}, {"model": "core.carmodel", "pk": 22, "fields": {"name": "Malibu", "brand": 9, "slug": "malibu"}}, {"model": "core.carmodel", "pk": 23, "fields": {"name": "Equinox", "brand": 9, "slug": "equinox"}}, {"model": "core.carmodel", "pk": 24, "fields": {"name": "Tahoe", "brand": 9, "slug": "tahoe"}}, {"model": "core.carmodel", "pk": 25, "fields": {"name": "Traverse", "brand": 9, "slug": "traverse"}}, {"model": "core.carmodel", "pk": 26, "fields": {"name": "Model S", "brand": 10, "slug": "model-s"}}, {"model": "core.carmodel", "pk": 27, "fields": {"name": "Model 3", "brand": 10, "slug": "model-3"}}, {"model": "core.carmodel", "pk": 28, "fields": {"name": "Model X", "brand": 10, "slug": "model-x"}}, {"model": "core.carmodel", "pk": 29, "fields": {"name": "Model Y", "brand": 10, "slug": "model-y"}}, {"model": "core.carmodel", "pk": 30, "fields": {"name": "Cybertruck", "brand": 10, "slug": "cybertruck"}}, {"model": "core.carmodel", "pk": 31, "fields": {"name": "3 Series", "brand": 4, "slug": "bmw-3-series"}}, {"model": "core.carmodel", "pk": 32, "fields": {"name": "5 Series", "brand": 4, "slug": "bmw-5-series"}}, {"model": "core.carmodel", "pk": 33, "fields": {"name": "X3", "brand": 4, "slug": "bmw-x3"}}, {"model": "core.carmodel", "pk": 34, "fields": {"name": "X5", "brand": 4, "slug": "bmw-x5"}}, {"model": "core.carmodel", "pk": 35, "fields": {"name": "X7", "brand": 4, "slug": "bmw-x7"}}, {"model": "core.carmodel", "pk": 36, "fields": {"name": "Golf", "brand": 3, "slug": "volkswagen-golf"}}, {"model": "core.carmodel", "pk": 37, "fields": {"name": "Jetta", "brand": 3, "slug": "volkswagen-jetta"}}, {"model": "core.carmodel", "pk": 38, "fields": {"name": "Passat", "brand": 3, "slug": "volkswagen-passat"}}, {"model": "core.carmodel", "pk": 39, "fields": {"name": "Tiguan", "brand": 3, "slug": "volkswagen-tiguan"}}, {"model": "core.carmodel", "pk": 40, "fields": {"name": "Atlas", "brand": 3, "slug": "volkswagen-atlas"}}, {"model": "core.carmodel", "pk": 41, "fields": {"name": "Altima", "brand": 2, "slug": "nissan-altima"}}, {"model": "core.carmodel", "pk": 42, "fields": {"name": "Sentra", "brand": 2, "slug": "nissan-sentra"}}, {"model": "core.carmodel", "pk": 43, "fields": {"name": "Rogue", "brand": 2, "slug": "nissan-rogue"}}, {"model": "core.carmodel", "pk": 44, "fields": {"name": "Pathfinder", "brand": 2, "slug": "nissan-pathfinder"}}, {"model": "core.carmodel", "pk": 45, "fields": {"name": "Titan", "brand": 2, "slug": "nissan-titan"}}, {"model": "core.carmodel", "pk": 46, "fields": {"name": "S60", "brand": 1, "slug": "volvo-s60"}}, {"model": "core.carmodel", "pk": 47, "fields": {"name": "XC40", "brand": 1, "slug": "volvo-xc40"}}, {"model": "core.carmodel", "pk": 48, "fields": {"name": "XC60", "brand": 1, "slug": "volvo-xc60"}}, {"model": "core.carmodel", "pk": 49, "fields": {"name": "XC90", "brand": 1, "slug": "volvo-xc90"}}, {"model": "core.carmodel", "pk": 50, "fields": {"name": "V90", "brand": 1, "slug": "volvo-v90"}}, {"model": "core.year", "pk": 1, "fields": {"year": 2019, "image": "image/upload/year_images/download_n178GVD.jpg", "car_model": 1}}, {"model": "core.year", "pk": 2, "fields": {"year": 2020, "image": "image/upload/year_images/download_YfbguEo.jpg", "car_model": 1}}, {"model": "core.year", "pk": 3, "fields": {"year": 2021, "image": "image/upload/year_images/download_nAH172N.jpg", "car_model": 1}}, {"model": "core.year", "pk": 6, "fields": {"year": 2020, "image": "", "car_model": 6}}, {"model": "core.year", "pk": 7, "fields": {"year": 2021, "image": "", "car_model": 6}}, {"model": "core.year", "pk": 8, "fields": {"year": 2022, "image": "", "car_model": 6}}, {"model": "core.year", "pk": 9, "fields": {"year": 2023, "image": "", "car_model": 6}}, {"model": "core.year", "pk": 10, "fields": {"year": 2024, "image": "", "car_model": 6}}, {"model": "core.year", "pk": 11, "fields": {"year": 2020, "image": "", "car_model": 7}}, {"model": "core.year", "pk": 12, "fields": {"year": 2021, "image": "", "car_model": 7}}, {"model": "core.year", "pk": 13, "fields": {"year": 2022, "image": "", "car_model": 7}}, {"model": "core.year", "pk": 14, "fields": {"year": 2023, "image": "", "car_model": 7}}, {"model": "core.year", "pk": 15, "fields": {"year": 2024, "image": "", "car_model": 7}}, {"model": "core.year", "pk": 16, "fields": {"year": 2020, "image": "", "car_model": 8}}, {"model": "core.year", "pk": 17, "fields": {"year": 2021, "image": "", "car_model": 8}}, {"model": "core.year", "pk": 18, "fields": {"year": 2022, "image": "", "car_model": 8}}, {"model": "core.year", "pk": 19, "fields": {"year": 2023, "image": "", "car_model": 8}}, {"model": "core.year", "pk": 20, "fields": {"year": 2024, "image": "", "car_model": 8}}, {"model": "core.year", "pk": 21, "fields": {"year": 2020, "image": "", "car_model": 9}}, {"model": "core.year", "pk": 22, "fields": {"year": 2021, "image": "", "car_model": 9}}, {"model": "core.year", "pk": 23, "fields": {"year": 2022, "image": "", "car_model": 9}}, {"model": "core.year", "pk": 24, "fields": {"year": 2023, "image": "", "car_model": 9}}, {"model": "core.year", "pk": 25, "fields": {"year": 2024, "image": "", "car_model": 9}}, {"model": "core.year", "pk": 26, "fields": {"year": 2020, "image": "", "car_model": 10}}, {"model": "core.year", "pk": 27, "fields": {"year": 2021, "image": "", "car_model": 10}}, {"model": "core.year", "pk": 28, "fields": {"year": 2022, "image": "", "car_model": 10}}, {"model": "core.year", "pk": 29, "fields": {"year": 2023, "image": "", "car_model": 10}}, {"model": "core.year", "pk": 30, "fields": {"year": 2024, "image": "", "car_model": 10}}, {"model": "core.year", "pk": 31, "fields": {"year": 2020, "image": "", "car_model": 11}}, {"model": "core.year", "pk": 32, "fields": {"year": 2021, "image": "", "car_model": 11}}, {"model": "core.year", "pk": 33, "fields": {"year": 2022, "image": "", "car_model": 11}}, {"model": "core.year", "pk": 34, "fields": {"year": 2023, "image": "", "car_model": 11}}, {"model": "core.year", "pk": 35, "fields": {"year": 2024, "image": "", "car_model": 11}}, {"model": "core.year", "pk": 36, "fields": {"year": 2020, "image": "", "car_model": 12}}, {"model": "core.year", "pk": 37, "fields": {"year": 2021, "image": "", "car_model": 12}}, {"model": "core.year", "pk": 38, "fields": {"year": 2022, "image": "", "car_model": 12}}, {"model": "core.year", "pk": 39, "fields": {"year": 2023, "image": "", "car_model": 12}}, {"model": "core.year", "pk": 40, "fields": {"year": 2024, "image": "", "car_model": 12}}, {"model": "core.year", "pk": 41, "fields": {"year": 2020, "image": "", "car_model": 13}}, {"model": "core.year", "pk": 42, "fields": {"year": 2021, "image": "", "car_model": 13}}, {"model": "core.year", "pk": 43, "fields": {"year": 2022, "image": "", "car_model": 13}}, {"model": "core.year", "pk": 44, "fields": {"year": 2023, "image": "", "car_model": 13}}, {"model": "core.year", "pk": 45, "fields": {"year": 2024, "image": "", "car_model": 13}}, {"model": "core.year", "pk": 46, "fields": {"year": 2020, "image": "", "car_model": 14}}, {"model": "core.year", "pk": 47, "fields": {"year": 2021, "image": "", "car_model": 14}}, {"model": "core.year", "pk": 48, "fields": {"year": 2022, "image": "", "car_model": 14}}, {"model": "core.year", "pk": 49, "fields": {"year": 2023, "image": "", "car_model": 14}}, {"model": "core.year", "pk": 50, "fields": {"year": 2024, "image": "", "car_model": 14}}, {"model": "core.year", "pk": 51, "fields": {"year": 2020, "image": "", "car_model": 15}}, {"model": "core.year", "pk": 52, "fields": {"year": 2021, "image": "", "car_model": 15}}, {"model": "core.year", "pk": 53, "fields": {"year": 2022, "image": "", "car_model": 15}}, {"model": "core.year", "pk": 54, "fields": {"year": 2023, "image": "", "car_model": 15}}, {"model": "core.year", "pk": 55, "fields": {"year": 2024, "image": "", "car_model": 15}}, {"model": "core.year", "pk": 56, "fields": {"year": 2020, "image": "", "car_model": 16}}, {"model": "core.year", "pk": 57, "fields": {"year": 2021, "image": "", "car_model": 16}}, {"model": "core.year", "pk": 58, "fields": {"year": 2022, "image": "", "car_model": 16}}, {"model": "core.year", "pk": 59, "fields": {"year": 2023, "image": "", "car_model": 16}}, {"model": "core.year", "pk": 60, "fields": {"year": 2024, "image": "", "car_model": 16}}, {"model": "core.year", "pk": 61, "fields": {"year": 2020, "image": "", "car_model": 17}}, {"model": "core.year", "pk": 62, "fields": {"year": 2021, "image": "", "car_model": 17}}, {"model": "core.year", "pk": 63, "fields": {"year": 2022, "image": "", "car_model": 17}}, {"model": "core.year", "pk": 64, "fields": {"year": 2023, "image": "", "car_model": 17}}, {"model": "core.year", "pk": 65, "fields": {"year": 2024, "image": "", "car_model": 17}}, {"model": "core.year", "pk": 66, "fields": {"year": 2020, "image": "", "car_model": 18}}, {"model": "core.year", "pk": 67, "fields": {"year": 2021, "image": "", "car_model": 18}}, {"model": "core.year", "pk": 68, "fields": {"year": 2022, "image": "", "car_model": 18}}, {"model": "core.year", "pk": 69, "fields": {"year": 2023, "image": "", "car_model": 18}}, {"model": "core.year", "pk": 70, "fields": {"year": 2024, "image": "", "car_model": 18}}, {"model": "core.year", "pk": 71, "fields": {"year": 2020, "image": "", "car_model": 19}}, {"model": "core.year", "pk": 72, "fields": {"year": 2021, "image": "", "car_model": 19}}, {"model": "core.year", "pk": 73, "fields": {"year": 2022, "image": "", "car_model": 19}}, {"model": "core.year", "pk": 74, "fields": {"year": 2023, "image": "", "car_model": 19}}, {"model": "core.year", "pk": 75, "fields": {"year": 2024, "image": "", "car_model": 19}}, {"model": "core.year", "pk": 76, "fields": {"year": 2020, "image": "", "car_model": 20}}, {"model": "core.year", "pk": 77, "fields": {"year": 2021, "image": "", "car_model": 20}}, {"model": "core.year", "pk": 78, "fields": {"year": 2022, "image": "", "car_model": 20}}, {"model": "core.year", "pk": 79, "fields": {"year": 2023, "image": "", "car_model": 20}}, {"model": "core.year", "pk": 80, "fields": {"year": 2024, "image": "", "car_model": 20}}, {"model": "core.year", "pk": 81, "fields": {"year": 2020, "image": "", "car_model": 21}}, {"model": "core.year", "pk": 82, "fields": {"year": 2021, "image": "", "car_model": 21}}, {"model": "core.year", "pk": 83, "fields": {"year": 2022, "image": "", "car_model": 21}}, {"model": "core.year", "pk": 84, "fields": {"year": 2023, "image": "", "car_model": 21}}, {"model": "core.year", "pk": 85, "fields": {"year": 2024, "image": "", "car_model": 21}}, {"model": "core.year", "pk": 86, "fields": {"year": 2020, "image": "", "car_model": 22}}, {"model": "core.year", "pk": 87, "fields": {"year": 2021, "image": "", "car_model": 22}}, {"model": "core.year", "pk": 88, "fields": {"year": 2022, "image": "", "car_model": 22}}, {"model": "core.year", "pk": 89, "fields": {"year": 2023, "image": "", "car_model": 22}}, {"model": "core.year", "pk": 90, "fields": {"year": 2024, "image": "", "car_model": 22}}, {"model": "core.year", "pk": 91, "fields": {"year": 2020, "image": "", "car_model": 23}}, {"model": "core.year", "pk": 92, "fields": {"year": 2021, "image": "", "car_model": 23}}, {"model": "core.year", "pk": 93, "fields": {"year": 2022, "image": "", "car_model": 23}}, {"model": "core.year", "pk": 94, "fields": {"year": 2023, "image": "", "car_model": 23}}, {"model": "core.year", "pk": 95, "fields": {"year": 2024, "image": "", "car_model": 23}}, {"model": "core.year", "pk": 96, "fields": {"year": 2020, "image": "", "car_model": 24}}, {"model": "core.year", "pk": 97, "fields": {"year": 2021, "image": "", "car_model": 24}}, {"model": "core.year", "pk": 98, "fields": {"year": 2022, "image": "", "car_model": 24}}, {"model": "core.year", "pk": 99, "fields": {"year": 2023, "image": "", "car_model": 24}}, {"model": "core.year", "pk": 100, "fields": {"year": 2024, "image": "", "car_model": 24}}, {"model": "core.year", "pk": 101, "fields": {"year": 2020, "image": "", "car_model": 25}}, {"model": "core.year", "pk": 102, "fields": {"year": 2021, "image": "", "car_model": 25}}, {"model": "core.year", "pk": 103, "fields": {"year": 2022, "image": "", "car_model": 25}}, {"model": "core.year", "pk": 104, "fields": {"year": 2023, "image": "", "car_model": 25}}, {"model": "core.year", "pk": 105, "fields": {"year": 2024, "image": "", "car_model": 25}}, {"model": "core.year", "pk": 106, "fields": {"year": 2020, "image": "", "car_model": 26}}, {"model": "core.year", "pk": 107, "fields": {"year": 2021, "image": "", "car_model": 26}}, {"model": "core.year", "pk": 108, "fields": {"year": 2022, "image": "", "car_model": 26}}, {"model": "core.year", "pk": 109, "fields": {"year": 2023, "image": "", "car_model": 26}}, {"model": "core.year", "pk": 110, "fields": {"year": 2024, "image": "", "car_model": 26}}, {"model": "core.year", "pk": 111, "fields": {"year": 2020, "image": "", "car_model": 27}}, {"model": "core.year", "pk": 112, "fields": {"year": 2021, "image": "", "car_model": 27}}, {"model": "core.year", "pk": 113, "fields": {"year": 2022, "image": "", "car_model": 27}}, {"model": "core.year", "pk": 114, "fields": {"year": 2023, "image": "", "car_model": 27}}, {"model": "core.year", "pk": 115, "fields": {"year": 2024, "image": "", "car_model": 27}}, {"model": "core.year", "pk": 116, "fields": {"year": 2020, "image": "", "car_model": 28}}, {"model": "core.year", "pk": 117, "fields": {"year": 2021, "image": "", "car_model": 28}}, {"model": "core.year", "pk": 118, "fields": {"year": 2022, "image": "", "car_model": 28}}, {"model": "core.year", "pk": 119, "fields": {"year": 2023, "image": "", "car_model": 28}}, {"model": "core.year", "pk": 120, "fields": {"year": 2024, "image": "", "car_model": 28}}, {"model": "core.year", "pk": 121, "fields": {"year": 2020, "image": "", "car_model": 29}}, {"model": "core.year", "pk": 122, "fields": {"year": 2021, "image": "", "car_model": 29}}, {"model": "core.year", "pk": 123, "fields": {"year": 2022, "image": "", "car_model": 29}}, {"model": "core.year", "pk": 124, "fields": {"year": 2023, "image": "", "car_model": 29}}, {"model": "core.year", "pk": 125, "fields": {"year": 2024, "image": "", "car_model": 29}}, {"model": "core.year", "pk": 126, "fields": {"year": 2020, "image": "", "car_model": 30}}, {"model": "core.year", "pk": 127, "fields": {"year": 2021, "image": "", "car_model": 30}}, {"model": "core.year", "pk": 128, "fields": {"year": 2022, "image": "", "car_model": 30}}, {"model": "core.year", "pk": 129, "fields": {"year": 2023, "image": "", "car_model": 30}}, {"model": "core.year", "pk": 130, "fields": {"year": 2024, "image": "", "car_model": 30}}, {"model": "core.year", "pk": 131, "fields": {"year": 2020, "image": "", "car_model": 31}}, {"model": "core.year", "pk": 132, "fields": {"year": 2021, "image": "", "car_model": 31}}, {"model": "core.year", "pk": 133, "fields": {"year": 2022, "image": "", "car_model": 31}}, {"model": "core.year", "pk": 134, "fields": {"year": 2023, "image": "", "car_model": 31}}, {"model": "core.year", "pk": 135, "fields": {"year": 2024, "image": "", "car_model": 31}}, {"model": "core.year", "pk": 136, "fields": {"year": 2020, "image": "", "car_model": 32}}, {"model": "core.year", "pk": 137, "fields": {"year": 2021, "image": "", "car_model": 32}}, {"model": "core.year", "pk": 138, "fields": {"year": 2022, "image": "", "car_model": 32}}, {"model": "core.year", "pk": 139, "fields": {"year": 2023, "image": "", "car_model": 32}}, {"model": "core.year", "pk": 140, "fields": {"year": 2024, "image": "", "car_model": 32}}, {"model": "core.year", "pk": 141, "fields": {"year": 2020, "image": "", "car_model": 33}}, {"model": "core.year", "pk": 142, "fields": {"year": 2021, "image": "", "car_model": 33}}, {"model": "core.year", "pk": 143, "fields": {"year": 2022, "image": "", "car_model": 33}}, {"model": "core.year", "pk": 144, "fields": {"year": 2023, "image": "", "car_model": 33}}, {"model": "core.year", "pk": 145, "fields": {"year": 2024, "image": "", "car_model": 33}}, {"model": "core.year", "pk": 146, "fields": {"year": 2020, "image": "", "car_model": 34}}, {"model": "core.year", "pk": 147, "fields": {"year": 2021, "image": "", "car_model": 34}}, {"model": "core.year", "pk": 148, "fields": {"year": 2022, "image": "", "car_model": 34}}, {"model": "core.year", "pk": 149, "fields": {"year": 2023, "image": "", "car_model": 34}}, {"model": "core.year", "pk": 150, "fields": {"year": 2024, "image": "", "car_model": 34}}, {"model": "core.year", "pk": 151, "fields": {"year": 2020, "image": "", "car_model": 35}}, {"model": "core.year", "pk": 152, "fields": {"year": 2021, "image": "", "car_model": 35}}, {"model": "core.year", "pk": 153, "fields": {"year": 2022, "image": "", "car_model": 35}}, {"model": "core.year", "pk": 154, "fields": {"year": 2023, "image": "", "car_model": 35}}, {"model": "core.year", "pk": 155, "fields": {"year": 2024, "image": "", "car_model": 35}}, {"model": "core.year", "pk": 156, "fields": {"year": 2020, "image": "", "car_model": 36}}, {"model": "core.year", "pk": 157, "fields": {"year": 2021, "image": "", "car_model": 36}}, {"model": "core.year", "pk": 158, "fields": {"year": 2022, "image": "", "car_model": 36}}, {"model": "core.year", "pk": 159, "fields": {"year": 2023, "image": "", "car_model": 36}}, {"model": "core.year", "pk": 160, "fields": {"year": 2024, "image": "", "car_model": 36}}, {"model": "core.year", "pk": 161, "fields": {"year": 2020, "image": "", "car_model": 37}}, {"model": "core.year", "pk": 162, "fields": {"year": 2021, "image": "", "car_model": 37}}, {"model": "core.year", "pk": 163, "fields": {"year": 2022, "image": "", "car_model": 37}}, {"model": "core.year", "pk": 164, "fields": {"year": 2023, "image": "", "car_model": 37}}, {"model": "core.year", "pk": 165, "fields": {"year": 2024, "image": "", "car_model": 37}}, {"model": "core.year", "pk": 166, "fields": {"year": 2020, "image": "", "car_model": 38}}, {"model": "core.year", "pk": 167, "fields": {"year": 2021, "image": "", "car_model": 38}}, {"model": "core.year", "pk": 168, "fields": {"year": 2022, "image": "", "car_model": 38}}, {"model": "core.year", "pk": 169, "fields": {"year": 2023, "image": "", "car_model": 38}}, {"model": "core.year", "pk": 170, "fields": {"year": 2024, "image": "", "car_model": 38}}, {"model": "core.year", "pk": 171, "fields": {"year": 2020, "image": "", "car_model": 39}}, {"model": "core.year", "pk": 172, "fields": {"year": 2021, "image": "", "car_model": 39}}, {"model": "core.year", "pk": 173, "fields": {"year": 2022, "image": "", "car_model": 39}}, {"model": "core.year", "pk": 174, "fields": {"year": 2023, "image": "", "car_model": 39}}, {"model": "core.year", "pk": 175, "fields": {"year": 2024, "image": "", "car_model": 39}}, {"model": "core.product", "pk": 1, "fields": {"name": "Poridt One", "description": "Poridt OnePoridt OnePoridt OnePoridt OnePoridt OnePoridt OnePoridt OnePoridt OnePoridt OnePoridt One.", "price": "5000.00", "year": 1, "slug": "poridt-one", "image": "image/upload/product_images/5tthwmrnx4181.webp"}}, {"model": "core.product", "pk": 2, "fields": {"name": "Product Two", "description": "UU IUJkkj", "price": "100.00", "year": 1, "slug": "product-two", "image": "image/upload/product_images/2017-mercedes-benz-e-class-interior_100537882.jpg"}}, {"model": "core.setting", "pk": 1, "fields": {"home_video": "video/upload/v1720632869/f4ybluwsq0od1m6jpddm.mp4"}}]